ext_tvbox_ctf_netflixgc_17e0d0a5	CTF-NetflixGC [å¤–éƒ¨:tvbox]	http://127.0.0.1:7788/api/netflixgc
ext_tvbox_ctf_ysxq_b1f67587	CTF-æ’­å‰§å½±è§† [å¤–éƒ¨:tvbox]	http://127.0.0.1:7788/api/ysxq
ext_tvbox_ctf_cz233_09222274	CTF-cz233 [å¤–éƒ¨:tvbox]	http://127.0.0.1:7788/api/cz233
ext_tvbox_ctf_bgm_f0785b8a	CTF-bgm [å¤–éƒ¨:tvbox]	http://127.0.0.1:7788/api/bgm
ext_tvbox_ctf_4kvm_a5f8f6a5	CTF-4kvm [å¤–éƒ¨:tvbox]	http://127.0.0.1:7788/api/kvm4
ext_tvbox_ctf_libvio_bdc5ef61	CTF-libvio [å¤–éƒ¨:tvbox]	http://127.0.0.1:7788/api/libvio
ext_tvbox_ctf_kanbot_a05222cd	CTF-kanbot [å¤–éƒ¨:tvbox]	http://127.0.0.1:7788/api/kanbot
ext_tvbox_ctf_kuangren_5c8adfae	CTF-kuangren [å¤–éƒ¨:tvbox]	http://127.0.0.1:7788/api/kuangren
ext_tvbox_ctf_dbkk_4e72dab7	CTF-ç‹¬æ’­åº“ [å¤–éƒ¨:tvbox]	http://127.0.0.1:7788/api/dbkk
ext_tvbox_ctf_iyf_78af5d1d	CTF-iyf [å¤–éƒ¨:tvbox]	http://127.0.0.1:7788/api/iyf
ext_tvbox_ctf_aiyifan_d48ecd55	CTF-aiyifan [å¤–éƒ¨:tvbox]	http://127.0.0.1:7788/api/aiyifan
ext_tvbox_ctf_allinone_f60924f1	CTF-å½±è§†å¢™ [å¤–éƒ¨:tvbox]	https://ctf-tvbox-gateway-20260221.knieclarine.workers.dev/api/allinone
ext_tvbox_ctf_netflixgc_01dd7d22	CTF-NetflixGC [å¤–éƒ¨:tvbox]	https://ctf-tvbox-gateway-20260221.knieclarine.workers.dev/api/netflixgc
ext_tvbox_ctf_ysxq_7d3dd8e7	CTF-æ’­å‰§å½±è§† [å¤–éƒ¨:tvbox]	https://ctf-tvbox-gateway-20260221.knieclarine.workers.dev/api/ysxq
ext_tvbox_ctf_cz233_e74f66bc	CTF-cz233 [å¤–éƒ¨:tvbox]	https://ctf-tvbox-gateway-20260221.knieclarine.workers.dev/api/cz233
ext_tvbox_ctf_bgm_67f861fc	CTF-bgm [å¤–éƒ¨:tvbox]	https://ctf-tvbox-gateway-20260221.knieclarine.workers.dev/api/bgm
ext_tvbox_ctf_4kvm_0d129313	CTF-4kvm [å¤–éƒ¨:tvbox]	https://ctf-tvbox-gateway-20260221.knieclarine.workers.dev/api/kvm4
ext_tvbox_ctf_libvio_1c262f4f	CTF-libvio [å¤–éƒ¨:tvbox]	https://ctf-tvbox-gateway-20260221.knieclarine.workers.dev/api/libvio
ext_tvbox_ctf_kanbot_7b4e20d5	CTF-kanbot [å¤–éƒ¨:tvbox]	https://ctf-tvbox-gateway-20260221.knieclarine.workers.dev/api/kanbot
ext_tvbox_ctf_kuangren_fcf0ef8f	CTF-kuangren [å¤–éƒ¨:tvbox]	https://ctf-tvbox-gateway-20260221.knieclarine.workers.dev/api/kuangren
ext_tvbox_ctf_dbkk_bd03b8b9	CTF-ç‹¬æ’­åº“ [å¤–éƒ¨:tvbox]	https://ctf-tvbox-gateway-20260221.knieclarine.workers.dev/api/dbkk
ext_tvbox_ctf_iyf_86b105e0	CTF-iyf [å¤–éƒ¨:tvbox]	https://ctf-tvbox-gateway-20260221.knieclarine.workers.dev/api/iyf
ext_tvbox_ctf_aiyifan_0587a225	CTF-aiyifan [å¤–éƒ¨:tvbox]	https://ctf-tvbox-gateway-20260221.knieclarine.workers.dev/api/aiyifan
ext_tvbox_site_d5ad9e00	ğŸª”èšåˆâ”ƒçŸ­å‰§ [å¤–éƒ¨:tvbox]	https://16409.kstore.vip/js/%E8%81%9A%E5%90%88%E7%9F%AD%E5%89%A7.js
ext_tvbox_demo_drpy_426eef1c	åŒæ„Demoæº [å¤–éƒ¨:tvbox]	http://127.0.0.1:9977/js/lib/drpy2.min.js